{
  "version": 1,
  "author": "Anonymous maker",
  "editor": "wokwi",
  "parts": [
    {
      "type": "board-esp32-devkit-c-v4",
      "id": "esp",
      "top": 0,
      "left": 81.64,
      "attrs": { "env": "micropython-20231227-v1.22.0" }
    },
    {
      "type": "board-ssd1306",
      "id": "oled1",
      "top": 51.14,
      "left": -86.17,
      "attrs": { "i2cAddress": "0x3c" }
    }
  ],
  "connections": [
    [ "esp:TX", "$serialMonitor:RX", "", [] ],
    [ "esp:RX", "$serialMonitor:TX", "", [] ],
    [ "oled1:VCC", "esp:3V3", "red", [ "v0" ] ],
    [ "oled1:GND", "esp:GND.2", "black", [ "v-48", "h230.4" ] ],
    [ "oled1:SCL", "esp:22", "green", [ "v0" ] ],
    [ "oled1:SDA", "esp:21", "green", [ "v0" ] ]
  ],
  "dependencies": {}
}