{
  "version": 1,
  "author": "Uri Shaked",
  "editor": "wokwi",
  "parts": [
    {
      "type": "wokwi-esp32-devkit-v1",
      "id": "esp",
      "top": 14.3,
      "left": -5,
      "attrs": { "env": "micropython-20220618-v1.19.1" }
    },
    {
      "type": "wokwi-led",
      "id": "led1",
      "top": 82.8,
      "left": 273,
      "attrs": { "color": "red", "flip": "1" }
    },
    {
      "type": "wokwi-resistor",
      "id": "r1",
      "top": 196.25,
      "left": 209.8,
      "rotate": 180,
      "attrs": { "value": "1000" }
    },
    {
      "type": "wokwi-led",
      "id": "led2",
      "top": -13.2,
      "left": 119.4,
      "attrs": { "color": "limegreen", "flip": "1" }
    },
    {
      "type": "wokwi-resistor",
      "id": "r2",
      "top": 99.4,
      "left": 143.15,
      "rotate": 270,
      "attrs": { "value": "1000" }
    },
    {
      "type": "wokwi-led",
      "id": "led3",
      "top": 44.4,
      "left": 225,
      "attrs": { "color": "yellow", "flip": "1" }
    },
    {
      "type": "wokwi-resistor",
      "id": "r3",
      "top": 137.8,
      "left": 219.95,
      "rotate": 270,
      "attrs": { "value": "1000" }
    }
  ],
  "connections": [
    [ "esp:TX0", "$serialMonitor:RX", "", [] ],
    [ "esp:RX0", "$serialMonitor:TX", "", [] ],
    [ "led1:A", "esp:D15", "red", [ "v67.2", "h-163.2", "v-38.2" ] ],
    [ "led1:C", "r1:1", "black", [ "v0" ] ],
    [ "esp:GND.1", "r1:2", "black", [ "h18.9", "v38.3" ] ],
    [ "r2:1", "esp:GND.1", "black", [ "v9.6", "h-67.2" ] ],
    [ "led2:C", "r2:2", "black", [ "h38", "v124.8" ] ],
    [ "led2:A", "esp:D2", "green", [ "v67.2", "h-38.1" ] ],
    [ "r3:1", "esp:GND.1", "black", [ "h0" ] ],
    [ "r3:2", "led3:C", "black", [ "h0" ] ],
    [ "esp:D4", "led3:A", "yellow", [ "h0" ] ]
  ],
  "dependencies": {}
}