{
  "version": 1,
  "author": "Anonymous maker",
  "editor": "wokwi",
  "parts": [
    {
      "type": "board-esp32-devkit-c-v4",
      "id": "esp",
      "top": 0,
      "left": -4.76,
      "attrs": { "env": "micropython-20231227-v1.22.0" }
    },
    {
      "type": "wokwi-pir-motion-sensor",
      "id": "pir1",
      "top": -24.8,
      "left": -141.78,
      "attrs": {}
    },
    {
      "type": "wokwi-led",
      "id": "led1",
      "top": -32.4,
      "left": -236.2,
      "attrs": { "color": "red" }
    },
    {
      "type": "wokwi-resistor",
      "id": "r1",
      "top": 128.2,
      "left": -250.45,
      "rotate": 270,
      "attrs": { "value": "100" }
    }
  ],
  "connections": [
    [ "esp:TX", "$serialMonitor:RX", "", [] ],
    [ "esp:RX", "$serialMonitor:TX", "", [] ],
    [ "esp:GND.2", "pir1:GND", "black", [ "v-38.4", "h-134.4", "v96", "h-47.74" ] ],
    [ "pir1:VCC", "esp:3V3", "red", [ "v28.8", "h96", "v-67.2" ] ],
    [ "pir1:OUT", "esp:15", "purple", [ "v153.6", "h201.46", "v-48" ] ],
    [ "led1:C", "r1:2", "green", [ "v0" ] ],
    [ "r1:1", "esp:GND.1", "green", [ "h211.2", "v-9.6" ] ],
    [ "esp:2", "led1:A", "green", [ "h9.6", "v67.2", "h-316.8", "v-220.8" ] ]
  ],
  "dependencies": {}
}