{
  "version": 1,
  "author": "Anonymous maker",
  "editor": "wokwi",
  "parts": [
    {
      "type": "board-esp32-devkit-c-v4",
      "id": "esp",
      "top": 0,
      "left": 0,
      "attrs": { "env": "micropython-20231227-v1.22.0" }
    },
    { "type": "wokwi-hc-sr04", "id": "ultrasonic1", "top": 20.7, "left": -196.1, "attrs": {} }
  ],
  "connections": [
    [ "esp:TX", "$serialMonitor:RX", "", [] ],
    [ "esp:RX", "$serialMonitor:TX", "", [] ],
    [ "ultrasonic1:VCC", "esp:3V3", "red", [ "v67.2", "h115.2", "v-153.6" ] ],
    [ "ultrasonic1:GND", "esp:GND.1", "black", [ "v0" ] ],
    [ "ultrasonic1:ECHO", "esp:18", "green", [ "v0" ] ],
    [ "esp:5", "ultrasonic1:TRIG", "green", [ "h0" ] ]
  ],
  "dependencies": {}
}