{
  "version": 1,
  "author": "Juan Diego Gomez Triana",
  "editor": "wokwi",
  "parts": [
    {
      "type": "board-esp32-devkit-c-v4",
      "id": "esp",
      "top": -19.2,
      "left": -110.36,
      "attrs": { "env": "micropython-20231227-v1.22.0" }
    },
    {
      "type": "wokwi-resistor",
      "id": "r1",
      "top": 61.55,
      "left": 9.6,
      "attrs": { "value": "220" }
    },
    {
      "type": "wokwi-led",
      "id": "led1",
      "top": -13.2,
      "left": 51.8,
      "attrs": { "color": "blue" }
    }
  ],
  "connections": [
    [ "esp:TX", "$serialMonitor:RX", "", [] ],
    [ "esp:RX", "$serialMonitor:TX", "", [] ],
    [ "led1:C", "esp:GND.2", "green", [ "v19.2", "h-57.2", "v-38.4" ] ],
    [ "led1:A", "r1:2", "green", [ "v0" ] ],
    [ "r1:1", "esp:2", "green", [ "v0" ] ]
  ],
  "dependencies": {}
}