{
  "version": 1,
  "author": "Edwin Santiago León Rodríguez",
  "editor": "wokwi",
  "parts": [
    {
      "type": "board-esp32-devkit-c-v4",
      "id": "esp",
      "top": 0,
      "left": 0,
      "attrs": { "env": "micropython-20231227-v1.22.0" }
    },
    {
      "type": "board-ssd1306",
      "id": "oled1",
      "top": 51.14,
      "left": -153.37,
      "attrs": { "i2cAddress": "0x3c" }
    }
  ],
  "connections": [
    [ "esp:TX", "$serialMonitor:RX", "", [] ],
    [ "esp:RX", "$serialMonitor:TX", "", [] ],
    [ "oled1:GND", "esp:GND.1", "black", [ "v-19.2", "h86.4", "v115.2" ] ],
    [ "oled1:VCC", "esp:3V3", "red", [ "v-28.8", "h0.15" ] ],
    [ "oled1:SCL", "esp:22", "green", [ "v-67.2", "h211.5", "v57.6" ] ],
    [ "oled1:SDA", "esp:21", "gold", [ "v-76.8", "h220.87", "v9.6" ] ]
  ],
  "dependencies": {}
}